[,numWindows,meanRiskThreshold, adaptedNum]
[, 0.4 , 0 , 7 ,]
[,numWindows,meanRiskThreshold, adaptedNum]
[, 0.4 , 0 , 0 ,]
[,numWindows,meanRiskThreshold, adaptedNum]
[, 0.4 , 0 , 7 ,]
[,numWindows,meanRiskThreshold, adaptedNum]
[, 0.4 , 10 , 0 ,]
[,numWindows,meanRiskThreshold, adaptedNum]
[, 0.4 , 10 , 5 ,]
[,numWindows,meanRiskThreshold, adaptedNum]
[, 0.4 , 10 , 6 ,]
[,numWindows,meanRiskThreshold, adaptedNum]
[, 0.4 , 0 , 4 ,]
[,numWindows,meanRiskThreshold, adaptedNum]
[, 0.4 , 10 , 5 ,]
[,numWindows,meanRiskThreshold, adaptedNum]
[, 0.4 , 20 , 0 ,]
[,numWindows,meanRiskThreshold, adaptedNum]
[, 0.4 , 20 , 1 ,]
[,numWindows,meanRiskThreshold, adaptedNum]
[, 0.4 , 20 , 0 ,]
[,numWindows,meanRiskThreshold, adaptedNum]
[, 0.8 , 0 , 1 ,]
[,numWindows,meanRiskThreshold, adaptedNum]
[, 0.4 , 20 , 5 ,]
[,numWindows,meanRiskThreshold, adaptedNum]
[, 0.8 , 0 , 0 ,]
[,numWindows,meanRiskThreshold, adaptedNum]
[, 0.8 , 0 , 0 ,]
[,numWindows,meanRiskThreshold, adaptedNum]
[, 0.8 , 0 , 0 ,]
[,numWindows,meanRiskThreshold, adaptedNum]
[, 0.8 , 10 , 1 ,]
[,numWindows,meanRiskThreshold, adaptedNum]
[, 0.8 , 10 , 0 ,]
[,numWindows,meanRiskThreshold, adaptedNum]
[, 0.8 , 10 , 0 ,]
[,numWindows,meanRiskThreshold, adaptedNum]
[, 0.8 , 20 , 0 ,]
[,numWindows,meanRiskThreshold, adaptedNum]
[, 0.8 , 10 , 0 ,]
[,numWindows,meanRiskThreshold, adaptedNum]
[, 0.8 , 20 , 0 ,]
[,numWindows,meanRiskThreshold, adaptedNum]
[, 0.8 , 20 , 1 ,]
[,numWindows,meanRiskThreshold, adaptedNum]
[, 0.8 , 20 , 0 ,]
